<?xml version="1.0" encoding="utf-8"?>
<extension version="2.5" type="plugin" group="editors-xtd" method="upgrade">
	<name>Button - Simple Image Gallery</name>
	<author>JoomlaWorks solmedia.pl</author>
	<authorEmail>biuro@solmedia.pl</authorEmail>
	<authorUrl>www.joomlaworks.net solmedia.pl</authorUrl>
	<creationDate>June 2017</creationDate>
	<copyright>Copyright (c) 2006 - 2014 JoomlaWorks Ltd.</copyright>
	<version>1.0</version>
	<license>http://www.joomlaworks.net/license</license>
	<files>
		<filename plugin="jw_sig_button">jw_sig_button.php</filename>
	</files>
</extension>